set_num,part_num,part_name,color_id,color_name,color_rgb,quantity,is_spare,element_id,part_img_url
"42212-1","32580","Axle Hose, Soft 7L","0","Black","05131D","2","false","6132744","/rebrickable-assets/parts/6132744/part.jpg"
"42212-1","87994","Bar 3L","0","Black","05131D","5","false","6185316","/rebrickable-assets/parts/6185316/part.jpg"
"42212-1","87994","Bar 3L","0","Black","05131D","1","true","6185316","/rebrickable-assets/parts/6185316/part.jpg"
"42212-1","65578","Bar, Angled with 1 x 1 Round Plate / Stud on End","0","Black","05131D","1","true","6510193","/rebrickable-assets/parts/6510193/part.jpg"
"42212-1","65578","Bar, Angled with 1 x 1 Round Plate / Stud on End","0","Black","05131D","2","false","6510193","/rebrickable-assets/parts/6510193/part.jpg"
"42212-1","11090","Bar Holder with Clip","0","Black","05131D","2","false","6315887","/rebrickable-assets/parts/6315887/part.jpg"
"42212-1","3386","Plate 1 x 1 x 2/3 Half Round with Side Stud","0","Black","05131D","2","false","6424674","/rebrickable-assets/parts/6424674/part.jpg"
"42212-1","3710","Plate 1 x 4","0","Black","05131D","2","false","371026","/rebrickable-assets/parts/371026/part.jpg"
"42212-1","2420","Plate 2 x 2 Corner","0","Black","05131D","2","false","242026","/rebrickable-assets/parts/242026/part.jpg"
"42212-1","5264","Plate Round 1 x 1 with Hollow Stud and Underside Clip","0","Black","05131D","3","false","6534180","/rebrickable-assets/parts/6534180/part.jpg"
"42212-1","5264","Plate Round 1 x 1 with Hollow Stud and Underside Clip","0","Black","05131D","1","true","6534180","/rebrickable-assets/parts/6534180/part.jpg"
"42212-1","85861","Plate Round 1 x 1 with Open Stud","0","Black","05131D","1","true","6168646","/rebrickable-assets/parts/6168646/part.jpg"
"42212-1","85861","Plate Round 1 x 1 with Open Stud","0","Black","05131D","2","false","6168646","/rebrickable-assets/parts/6168646/part.jpg"
"42212-1","88930","Slope Brick Curved 2 x 4 x 2/3 No Studs, with Bottom Tubes","0","Black","05131D","1","false","4587844","/rebrickable-assets/parts/4587844/part.jpg"
"42212-1","11477","Slope Curved 2 x 1 No Studs [1/2 Bow]","0","Black","05131D","2","false","6047276","/rebrickable-assets/parts/6047276/part.jpg"
"42212-1","29120","Slope Curved 2 x 1 with Stud Notch Left","0","Black","05131D","1","false","6181720","/rebrickable-assets/parts/6181720/part.jpg"
"42212-1","29119","Slope Curved 2 x 1 with Stud Notch Right","0","Black","05131D","1","false","6181713","/rebrickable-assets/parts/6181713/part.jpg"
"42212-1","15068","Slope Curved 2 x 2 x 2/3","0","Black","05131D","1","false","6053077","/rebrickable-assets/parts/6053077/part.jpg"
"42212-1","3665","Slope Inverted 45° 2 x 1","0","Black","05131D","2","false","366526","/rebrickable-assets/parts/366526/part.jpg"
"42212-1","32192","Technic Axle and Pin Connector Angled #4 - 135°","0","Black","05131D","2","false","6262897","/rebrickable-assets/parts/6262897/part.jpg"
"42212-1","32015","Technic Axle and Pin Connector Angled #5 - 112.5°","0","Black","05131D","1","false","6271346","/rebrickable-assets/parts/6271346/part.jpg"
"42212-1","4450","Technic Axle and Pin Connector Angled #7 - 168.75°","0","Black","05131D","6","false","6523971","/rebrickable-assets/parts/6523971/part.jpg"
"42212-1","6536","Technic Axle and Pin Connector Perpendicular","0","Black","05131D","14","false","653626","/rebrickable-assets/parts/653626/part.jpg"
"42212-1","42003","Technic Axle and Pin Connector Perpendicular 3L with 2 Pin Holes","0","Black","05131D","2","false","6273708","/rebrickable-assets/parts/6273708/part.jpg"
"42212-1","32184","Technic Axle and Pin Connector Perpendicular 3L with Centre Pin Hole","0","Black","05131D","10","false","6276951","/rebrickable-assets/parts/6276951/part.jpg"
"42212-1","69819","Technic Axle and Pin Connector Perpendicular Double Split [Reinforced]","0","Black","05131D","8","false","6349281","/rebrickable-assets/parts/6349281/part.jpg"
"42212-1","59443","Technic Axle Connector Smooth [with x Hole + Orientation]","0","Black","05131D","1","false","6084612","/rebrickable-assets/parts/6084612/part.jpg"
"42212-1","18651","Technic Axle Pin 3L with Friction Ridges Lengthwise and 2L Axle","0","Black","05131D","11","false","6089119","/rebrickable-assets/parts/6089119/part.jpg"
"42212-1","32525","Technic Beam 1 x 11 Thick","0","Black","05131D","1","false","6029578","/rebrickable-assets/parts/6029578/part.jpg"
"42212-1","73507","Technic Beam 1 x 11 Thick with Alternating Holes","0","Black","05131D","2","false","6330585","/rebrickable-assets/parts/6330585/part.jpg"
"42212-1","41677","Technic Beam 1 x 2 Thin","0","Black","05131D","15","false","6338428","/rebrickable-assets/parts/6338428/part.jpg"
"42212-1","32523","Technic Beam 1 x 3 Thick","0","Black","05131D","2","false","4142822","/rebrickable-assets/parts/4142822/part.jpg"
"42212-1","6632","Technic Beam 1 x 3 Thin","0","Black","05131D","10","false","663226","/rebrickable-assets/parts/663226/part.jpg"
"42212-1","32316","Technic Beam 1 x 5 Thick","0","Black","05131D","3","false","4142135","/rebrickable-assets/parts/4142135/part.jpg"
"42212-1","11478","Technic Beam 1 x 5 Thin with Axle Holes on Ends","0","Black","05131D","5","false","6327028","/rebrickable-assets/parts/6327028/part.jpg"
"42212-1","32524","Technic Beam 1 x 7 Thick","0","Black","05131D","2","false","4495935","/rebrickable-assets/parts/4495935/part.jpg"
"42212-1","71708","Technic Beam 2 x 3 L-Shape with Quarter Ellipse Thick","0","Black","05131D","6","false","6326047","/rebrickable-assets/parts/6326047/part.jpg"
"42212-1","3167","Technic Beam 2 x 3 Thick [90° Offset Centre Beam Hole]","0","Black","05131D","2","false","6563620","/rebrickable-assets/parts/6563620/part.jpg"
"42212-1","32526","Technic Beam 3 x 5 L-Shape Thick","0","Black","05131D","2","false","4142823","/rebrickable-assets/parts/4142823/part.jpg"
"42212-1","4526","Technic Beam Frame 3 x 13 with 1 Center Cross Beams, 2 Openings Thick","0","Black","05131D","2","false","6452876","/rebrickable-assets/parts/6452876/part.jpg"
"42212-1","6541","Technic Brick 1 x 1 with Pin Hole","0","Black","05131D","2","false","654126","/rebrickable-assets/parts/654126/part.jpg"
"42212-1","32270","Technic Gear 12 Tooth Double Bevel","0","Black","05131D","2","false","4177431","/rebrickable-assets/parts/4177431/part.jpg"
"42212-1","18575","Technic Gear 20 Tooth Double Bevel with Axle Hole Type 1 [+ Opening]","0","Black","05131D","1","false","6346535","/rebrickable-assets/parts/6346535/part.jpg"
"42212-1","87761","Technic Gear Rack 1 x 7 with Axle and Pin Holes","0","Black","05131D","1","false","6327430","/rebrickable-assets/parts/6327430/part.jpg"
"42212-1","24116","Technic Panel Curved and Bent 6 x 3","0","Black","05131D","2","false","6268012","/rebrickable-assets/parts/6268012/part.jpg"
"42212-1","2403","Technic Panel Fairing #10 Medium Triangle Smooth","0","Black","05131D","1","false","6510087","/rebrickable-assets/parts/6510087/part.jpg"
"42212-1","11946","Technic Panel Fairing #21 5L Small Smooth, Side B","0","Black","05131D","1","false","6316923","/rebrickable-assets/parts/6316923/part.jpg"
"42212-1","11947","Technic Panel Fairing #22 5L Small Smooth, Side A","0","Black","05131D","1","false","6319983","/rebrickable-assets/parts/6319983/part.jpg"
"42212-1","89679","Technic Panel Fairing 2 x 1 x 1","0","Black","05131D","10","false","6396456","/rebrickable-assets/parts/6396456/part.jpg"
"42212-1","71682","Technic Panel Fairing 2 x 3 x 1","0","Black","05131D","5","false","6331026","/rebrickable-assets/parts/6331026/part.jpg"
"42212-1","7101","Technic Panel Fairing 2 x 5 x 1","0","Black","05131D","3","false","6540723","/rebrickable-assets/parts/6540723/part.jpg"
"42212-1","2387","Technic Panel Fairing #7 3L Very Small Smooth, Side A","0","Black","05131D","4","false","6510991","/rebrickable-assets/parts/6510991/part.jpg"
"42212-1","2389","Technic Panel Fairing #8 3L Very Small Smooth, Side B","0","Black","05131D","4","false","6513874","/rebrickable-assets/parts/6513874/part.jpg"
"42212-1","2395","Technic Panel Fairing #9 Medium Triangle Smooth","0","Black","05131D","1","false","6510081","/rebrickable-assets/parts/6510081/part.jpg"
"42212-1","22961","Technic Pin Connector Hub with 1 Axle","0","Black","05131D","7","false","6253260","/rebrickable-assets/parts/6253260/part.jpg"
"42212-1","27940","Technic Pin Connector Hub with 2 Axles","0","Black","05131D","2","false","6396457","/rebrickable-assets/parts/6396457/part.jpg"
"42212-1","10197","Technic Pin Connector Hub with 2 Perpendicular Axles","0","Black","05131D","8","false","6099801","/rebrickable-assets/parts/6099801/part.jpg"
"42212-1","18654","Technic Pin Connector Round 1L [Beam]","0","Black","05131D","12","false","6121485","/rebrickable-assets/parts/6121485/part.jpg"
"42212-1","18654","Technic Pin Connector Round 1L [Beam]","0","Black","05131D","2","true","6121485","/rebrickable-assets/parts/6121485/part.jpg"
"42212-1","87408","Technic Pin Connector Toggle Joint Smooth Double with Axle and Pin Holes","0","Black","05131D","1","false","6278412","/rebrickable-assets/parts/6278412/part.jpg"
"42212-1","65304","Technic Pin Long with Friction Ridges Lengthwise and Stop Bush [2 Lateral Holes, Small Pin Hole]","0","Black","05131D","3","false","6321745","/rebrickable-assets/parts/6321745/part.jpg"
"42212-1","61332","Technic Pin with Friction Ridges Lengthwise with No Center Slots","0","Black","05131D","2","true","6279875","/rebrickable-assets/parts/6279875/part.jpg"
"42212-1","61332","Technic Pin with Friction Ridges Lengthwise with No Center Slots","0","Black","05131D","76","false","6279875","/rebrickable-assets/parts/6279875/part.jpg"
"42212-1","2819","Technic Steering Wheel Small (3 Studs Diameter)","0","Black","05131D","1","false","4580509","/rebrickable-assets/parts/4580509/part.jpg"
"42212-1","6636","Tile 1 x 6 with Groove","0","Black","05131D","2","false","663626","/rebrickable-assets/parts/663626/part.jpg"
"42212-1","26603","Tile 2 x 3","0","Black","05131D","2","false","6162892","/rebrickable-assets/parts/6162892/part.jpg"
"42212-1","69729","Tile 2 x 6","0","Black","05131D","4","false","6318582","/rebrickable-assets/parts/6318582/part.jpg"
"42212-1","24246","Tile Round 1 x 1 Half Circle","0","Black","05131D","3","false","6256435","/rebrickable-assets/parts/6256435/part.jpg"
"42212-1","24246","Tile Round 1 x 1 Half Circle","0","Black","05131D","1","true","6256435","/rebrickable-assets/parts/6256435/part.jpg"
"42212-1","30699","Tyre 43.2 x 14","0","Black","05131D","2","false","6518575","/rebrickable-assets/parts/6518575/part.jpg"
"42212-1","44309","Tyre 43.2 x 22 ZR","0","Black","05131D","2","false","4184286","/rebrickable-assets/parts/4184286/part.jpg"
"42212-1","64727","Weapon Spike Flexible 3.5L","0","Black","05131D","1","false","6270085","/rebrickable-assets/parts/6270085/part.jpg"
"42212-1","43093","Technic Axle Pin with Friction Ridges Lengthwise","1","Blue","0055BF","54","false","4309323","/rebrickable-assets/parts/4309323/part.jpg"
"42212-1","43857","Technic Beam 1 x 2 Thick","1","Blue","0055BF","8","false","6057802","/rebrickable-assets/parts/6057802/part.jpg"
"42212-1","69778","Technic Gear 12 Tooth with Axle Hole","1","Blue","0055BF","2","false","6396479","/rebrickable-assets/parts/6396479/part.jpg"
"42212-1","46189","Technic Pin Connector 3L with 2 Pins and Center Hole [Pin Ridges Across Part]","1","Blue","0055BF","6","false","6563616","/rebrickable-assets/parts/6563616/part.jpg"
"42212-1","42924","Technic Pin Long with Friction Ridges Lengthwise, 1 Center Slot","1","Blue","0055BF","36","false","6299413","/rebrickable-assets/parts/6299413/part.jpg"
"42212-1","62462","Technic Pin Connector Round [Slotted]","10","Bright Green","4B9F4A","2","false","6173135","/rebrickable-assets/parts/6173135/part.jpg"
"42212-1","69779","Technic Gear 20 Tooth with Axle Hole [+ Opening]","321","Dark Azure","078BC9","2","false","6396480","/rebrickable-assets/parts/6396480/part.jpg"
"42212-1","78258","Bar 2L with Stop in Center","72","Dark Bluish Gray","6C6E68","2","false","6350724","/rebrickable-assets/parts/6350724/part.jpg"
"42212-1","78258","Bar 2L with Stop in Center","72","Dark Bluish Gray","6C6E68","1","true","6350724","/rebrickable-assets/parts/6350724/part.jpg"
"42212-1","3024","Plate 1 x 1","72","Dark Bluish Gray","6C6E68","1","true","4210719","/rebrickable-assets/parts/4210719/part.jpg"
"42212-1","3024","Plate 1 x 1","72","Dark Bluish Gray","6C6E68","11","false","4210719","/rebrickable-assets/parts/4210719/part.jpg"
"42212-1","11212","Plate 3 x 3","72","Dark Bluish Gray","6C6E68","1","false","6039176","/rebrickable-assets/parts/6039176/part.jpg"
"42212-1","87083","Technic Axle 4 with Stop","72","Dark Bluish Gray","6C6E68","6","false","6083620","/rebrickable-assets/parts/6083620/part.jpg"
"42212-1","59426","Technic Axle 5.5 with Stop [Rounded Short End]","72","Dark Bluish Gray","6C6E68","2","false","4508553","/rebrickable-assets/parts/4508553/part.jpg"
"42212-1","55013","Technic Axle 8 with Stop","72","Dark Bluish Gray","6C6E68","1","false","4499858","/rebrickable-assets/parts/4499858/part.jpg"
"42212-1","32013","Technic Axle and Pin Connector Angled #1","72","Dark Bluish Gray","6C6E68","3","false","6296856","/rebrickable-assets/parts/6296856/part.jpg"
"42212-1","42135","Technic Axle Connector with Axle Hole [Reinforced]","72","Dark Bluish Gray","6C6E68","2","false","6375679","/rebrickable-assets/parts/6375679/part.jpg"
"42212-1","41239","Technic Beam 1 x 13 Thick","72","Dark Bluish Gray","6C6E68","6","false","4522937","/rebrickable-assets/parts/4522937/part.jpg"
"42212-1","62821b","Technic Gear Differential with Inner Tabs and Closed Center, 28 Bevel Teeth [Beveled Edge]","72","Dark Bluish Gray","6C6E68","1","false","4562210","/rebrickable-assets/parts/4562210/part.jpg"
"42212-1","89678","Technic Pin 1/2 with Friction","72","Dark Bluish Gray","6C6E68","2","true","6395635","/rebrickable-assets/parts/6395635/part.jpg"
"42212-1","89678","Technic Pin 1/2 with Friction","72","Dark Bluish Gray","6C6E68","17","false","6395635","/rebrickable-assets/parts/6395635/part.jpg"
"42212-1","98138","Tile Round 1 x 1","72","Dark Bluish Gray","6C6E68","1","true","6284596","/rebrickable-assets/parts/6284596/part.jpg"
"42212-1","98138","Tile Round 1 x 1","72","Dark Bluish Gray","6C6E68","12","false","6284596","/rebrickable-assets/parts/6284596/part.jpg"
"42212-1","6587","Technic Axle 3 with Stud","28","Dark Tan","958A73","4","false","6031821","/rebrickable-assets/parts/6031821/part.jpg"
"42212-1","4586","Technic Beam 1 x 9 Thin with 3 Holes","179","Flat Silver","898788","1","false","6453350","/rebrickable-assets/parts/6453350/part.jpg"
"42212-1","15573","Plate Special 1 x 2 with 1 Stud with Groove and Inside Stud Holder (Jumper)","2","Green","237841","2","false","6092586","/rebrickable-assets/parts/6092586/part.jpg"
"42212-1","32199","Axle Hose, Soft 11L","71","Light Bluish Gray","A0A5A9","1","false","6566344","/rebrickable-assets/parts/6566344/part.jpg"
"42212-1","32580","Axle Hose, Soft 7L","71","Light Bluish Gray","A0A5A9","1","false","6363530","/rebrickable-assets/parts/6363530/part.jpg"
"42212-1","4519","Technic Axle 3","71","Light Bluish Gray","A0A5A9","17","false","4211815","/rebrickable-assets/parts/4211815/part.jpg"
"42212-1","44294","Technic Axle 7","71","Light Bluish Gray","A0A5A9","2","false","44294194","/rebrickable-assets/parts/44294194/part.jpg"
"42212-1","60485","Technic Axle 9","71","Light Bluish Gray","A0A5A9","3","false","4535768","/rebrickable-assets/parts/4535768/part.jpg"
"42212-1","32015","Technic Axle and Pin Connector Angled #5 - 112.5°","71","Light Bluish Gray","A0A5A9","2","false","6271347","/rebrickable-assets/parts/6271347/part.jpg"
"42212-1","6611","Technic Axle and Pin Connector Angled Quadruple - 60°","71","Light Bluish Gray","A0A5A9","2","false","6508519","/rebrickable-assets/parts/6508519/part.jpg"
"42212-1","32184","Technic Axle and Pin Connector Perpendicular 3L with Centre Pin Hole","71","Light Bluish Gray","A0A5A9","5","false","6276969","/rebrickable-assets/parts/6276969/part.jpg"
"42212-1","32291","Technic Axle and Pin Connector Perpendicular Double","71","Light Bluish Gray","A0A5A9","2","false","6280396","/rebrickable-assets/parts/6280396/part.jpg"
"42212-1","60483","Technic Beam 1 x 2 Thick with Pin Hole and Axle Hole","71","Light Bluish Gray","A0A5A9","7","false","6265089","/rebrickable-assets/parts/6265089/part.jpg"
"42212-1","32449","Technic Beam 1 x 4 Thin","71","Light Bluish Gray","A0A5A9","8","false","6370947","/rebrickable-assets/parts/6370947/part.jpg"
"42212-1","40490","Technic Beam 1 x 9 Thick","71","Light Bluish Gray","A0A5A9","2","false","6102449","/rebrickable-assets/parts/6102449/part.jpg"
"42212-1","32140","Technic Beam 2 x 4 L-Shape Thick","71","Light Bluish Gray","A0A5A9","8","false","6271831","/rebrickable-assets/parts/6271831/part.jpg"
"42212-1","60484","Technic Beam 3 x 3 T-Shape Thick","71","Light Bluish Gray","A0A5A9","4","false","4552348","/rebrickable-assets/parts/4552348/part.jpg"
"42212-1","32123b","Technic Bush 1/2 Smooth with Axle Hole Semi-Reduced","71","Light Bluish Gray","A0A5A9","9","false","6271165","/rebrickable-assets/parts/6271165/part.jpg"
"42212-1","32123b","Technic Bush 1/2 Smooth with Axle Hole Semi-Reduced","71","Light Bluish Gray","A0A5A9","1","true","6271165","/rebrickable-assets/parts/6271165/part.jpg"
"42212-1","4368","Technic Crank Disc","71","Light Bluish Gray","A0A5A9","6","false","6452845","/rebrickable-assets/parts/6452845/part.jpg"
"42212-1","6610","Technic Link 1 x 4 with Stoppers","71","Light Bluish Gray","A0A5A9","2","false","6565467","/rebrickable-assets/parts/6565467/part.jpg"
"42212-1","65489","Technic Pin Connector Hub Perpendicular 3L with 4 Pins (Squared Holes)","71","Light Bluish Gray","A0A5A9","2","false","6282158","/rebrickable-assets/parts/6282158/part.jpg"
"42212-1","65487","Technic Pin Connector Hub with 1 Pin with Friction Ridges Lengthwise [Centered Friction Ridge]","71","Light Bluish Gray","A0A5A9","7","false","6282142","/rebrickable-assets/parts/6282142/part.jpg"
"42212-1","44874","Technic Pin Connector Hub with 2 Pins with Friction Ridges Lengthwise [Small Squared Pin Holes]","71","Light Bluish Gray","A0A5A9","4","false","6321303","/rebrickable-assets/parts/6321303/part.jpg"
"42212-1","5713","Technic Pin Connector Hub with 3L Axle","71","Light Bluish Gray","A0A5A9","2","false","6484902","/rebrickable-assets/parts/6484902/part.jpg"
"42212-1","18654","Technic Pin Connector Round 1L [Beam]","71","Light Bluish Gray","A0A5A9","1","true","6183784","/rebrickable-assets/parts/6183784/part.jpg"
"42212-1","18654","Technic Pin Connector Round 1L [Beam]","71","Light Bluish Gray","A0A5A9","4","false","6183784","/rebrickable-assets/parts/6183784/part.jpg"
"42212-1","77765","Technic Pin Long 3l, No Friction Ridges, with Stop and Hole","71","Light Bluish Gray","A0A5A9","2","false","6338962","/rebrickable-assets/parts/6338962/part.jpg"
"42212-1","65304","Technic Pin Long with Friction Ridges Lengthwise and Stop Bush [2 Lateral Holes, Small Pin Hole]","71","Light Bluish Gray","A0A5A9","4","false","6321747","/rebrickable-assets/parts/6321747/part.jpg"
"42212-1","56145","Wheel 30.4 x 20 without Pinholes, with Reinforced Rim","71","Light Bluish Gray","A0A5A9","2","false","4297210","/rebrickable-assets/parts/4297210/part.jpg"
"42212-1","56904","Wheel 30 x 14","71","Light Bluish Gray","A0A5A9","2","false","4541318","/rebrickable-assets/parts/4541318/part.jpg"
"42212-1","10110656","Sticker Sheet for Set 42212-1","9999","[No Color/Any Color]","05131D","1","false","6522708","/rebrickable-assets/parts/6522708/part.jpg"
"42212-1","36841","Bracket 1 x 1 - 1 x 1","4","Red","C91A09","4","false","6372478","/rebrickable-assets/parts/6372478/part.jpg"
"42212-1","3710","Plate 1 x 4","4","Red","C91A09","2","false","371021","/rebrickable-assets/parts/371021/part.jpg"
"42212-1","3022","Plate 2 x 2","4","Red","C91A09","2","false","4613974","/rebrickable-assets/parts/4613974/part.jpg"
"42212-1","77844","Plate 3 x 3 Corner","4","Red","C91A09","2","false","6493105","/rebrickable-assets/parts/6493105/part.jpg"
"42212-1","18677","Plate Special 1 x 2 with Pin Hole Underneath","4","Red","C91A09","2","false","6168634","/rebrickable-assets/parts/6168634/part.jpg"
"42212-1","34103","Plate Special 1 x 3 with 2 Studs with Groove and Inside Stud Holder (Jumper)","4","Red","C91A09","1","false","6251410","/rebrickable-assets/parts/6251410/part.jpg"
"42212-1","4569","Slope 1 x 6 x 1 with 1 x 2 x 1/3 Cutout","4","Red","C91A09","4","false","6563619","/rebrickable-assets/parts/6563619/part.jpg"
"42212-1","54200","Slope 30° 1 x 1 x 2/3 (Cheese Slope)","4","Red","C91A09","5","false","5074621","/rebrickable-assets/parts/5074621/part.jpg"
"42212-1","54200","Slope 30° 1 x 1 x 2/3 (Cheese Slope)","4","Red","C91A09","1","true","5074621","/rebrickable-assets/parts/5074621/part.jpg"
"42212-1","29120","Slope Curved 2 x 1 with Stud Notch Left","4","Red","C91A09","1","false","6177505","/rebrickable-assets/parts/6177505/part.jpg"
"42212-1","29119","Slope Curved 2 x 1 with Stud Notch Right","4","Red","C91A09","1","false","6177507","/rebrickable-assets/parts/6177507/part.jpg"
"42212-1","32062","Technic Axle 2 Notched","4","Red","C91A09","27","false","4142865","/rebrickable-assets/parts/4142865/part.jpg"
"42212-1","3705","Technic Axle 4","4","Red","C91A09","6","false","6129995","/rebrickable-assets/parts/6129995/part.jpg"
"42212-1","32013","Technic Axle and Pin Connector Angled #1","4","Red","C91A09","4","false","6332580","/rebrickable-assets/parts/6332580/part.jpg"
"42212-1","42003","Technic Axle and Pin Connector Perpendicular 3L with 2 Pin Holes","4","Red","C91A09","18","false","6273712","/rebrickable-assets/parts/6273712/part.jpg"
"42212-1","11214","Technic Axle Pin 3L with Friction Ridges Lengthwise and 1L Axle","4","Red","C91A09","18","false","6209519","/rebrickable-assets/parts/6209519/part.jpg"
"42212-1","60483","Technic Beam 1 x 2 Thick with Pin Hole and Axle Hole","4","Red","C91A09","18","false","6390264","/rebrickable-assets/parts/6390264/part.jpg"
"42212-1","32523","Technic Beam 1 x 3 Thick","4","Red","C91A09","2","false","4153718","/rebrickable-assets/parts/4153718/part.jpg"
"42212-1","2825","Technic Beam 1 x 4 Thin with Stud Connector","4","Red","C91A09","2","false","6392956","/rebrickable-assets/parts/6392956/part.jpg"
"42212-1","32316","Technic Beam 1 x 5 Thick","4","Red","C91A09","2","false","4142132","/rebrickable-assets/parts/4142132/part.jpg"
"42212-1","11478","Technic Beam 1 x 5 Thin with Axle Holes on Ends","4","Red","C91A09","4","false","6327047","/rebrickable-assets/parts/6327047/part.jpg"
"42212-1","40490","Technic Beam 1 x 9 Thick","4","Red","C91A09","1","false","4645733","/rebrickable-assets/parts/4645733/part.jpg"
"42212-1","32140","Technic Beam 2 x 4 L-Shape Thick","4","Red","C91A09","4","false","6271827","/rebrickable-assets/parts/6271827/part.jpg"
"42212-1","80286","Technic Beam 2 x 5 L-Shape with Quarter Ellipse Thick","4","Red","C91A09","4","false","6407068","/rebrickable-assets/parts/6407068/part.jpg"
"42212-1","60484","Technic Beam 3 x 3 T-Shape Thick","4","Red","C91A09","2","false","6194079","/rebrickable-assets/parts/6194079/part.jpg"
"42212-1","3713","Technic Bush","4","Red","C91A09","1","true","6271820","/rebrickable-assets/parts/6271820/part.jpg"
"42212-1","3713","Technic Bush","4","Red","C91A09","3","false","6271820","/rebrickable-assets/parts/6271820/part.jpg"
"42212-1","6618","Technic Panel Car Mudguard Arched 9 x 1 x 3","4","Red","C91A09","2","false","6508526","/rebrickable-assets/parts/6508526/part.jpg"
"42212-1","5427","Technic Panel Curved 3 x 9","4","Red","C91A09","4","false","6563618","/rebrickable-assets/parts/6563618/part.jpg"
"42212-1","2403","Technic Panel Fairing #10 Medium Triangle Smooth","4","Red","C91A09","3","false","6534283","/rebrickable-assets/parts/6534283/part.jpg"
"42212-1","11946","Technic Panel Fairing #21 5L Small Smooth, Side B","4","Red","C91A09","4","false","6340601","/rebrickable-assets/parts/6340601/part.jpg"
"42212-1","11947","Technic Panel Fairing #22 5L Small Smooth, Side A","4","Red","C91A09","4","false","6343986","/rebrickable-assets/parts/6343986/part.jpg"
"42212-1","71682","Technic Panel Fairing 2 x 3 x 1","4","Red","C91A09","7","false","6381442","/rebrickable-assets/parts/6381442/part.jpg"
"42212-1","7427pr0001","Technic Panel Fairing 2 x 3 x 1 #4 Angled 135° with Silver Stripes, Ferrari Logo print","4","Red","C91A09","1","false","6556040","/rebrickable-assets/parts/6556040/part.jpg"
"42212-1","7101","Technic Panel Fairing 2 x 5 x 1","4","Red","C91A09","3","false","6523807","/rebrickable-assets/parts/6523807/part.jpg"
"42212-1","64681","Technic Panel Fairing #5 Long Smooth, Side A","4","Red","C91A09","1","false","6115314","/rebrickable-assets/parts/6115314/part.jpg"
"42212-1","64393","Technic Panel Fairing #6 Long Smooth, Side B","4","Red","C91A09","1","false","6115313","/rebrickable-assets/parts/6115313/part.jpg"
"42212-1","2387","Technic Panel Fairing #7 3L Very Small Smooth, Side A","4","Red","C91A09","6","false","6510988","/rebrickable-assets/parts/6510988/part.jpg"
"42212-1","2389","Technic Panel Fairing #8 3L Very Small Smooth, Side B","4","Red","C91A09","6","false","6513871","/rebrickable-assets/parts/6513871/part.jpg"
"42212-1","2395","Technic Panel Fairing #9 Medium Triangle Smooth","4","Red","C91A09","3","false","6513887","/rebrickable-assets/parts/6513887/part.jpg"
"42212-1","89678","Technic Pin 1/2 with Friction","4","Red","C91A09","20","false","6378120","/rebrickable-assets/parts/6378120/part.jpg"
"42212-1","89678","Technic Pin 1/2 with Friction","4","Red","C91A09","1","true","6378120","/rebrickable-assets/parts/6378120/part.jpg"
"42212-1","22961","Technic Pin Connector Hub with 1 Axle","4","Red","C91A09","8","false","6167939","/rebrickable-assets/parts/6167939/part.jpg"
"42212-1","10197","Technic Pin Connector Hub with 2 Perpendicular Axles","4","Red","C91A09","4","false","6563615","/rebrickable-assets/parts/6563615/part.jpg"
"42212-1","11455","Technic Pin Connector Perpendicular 2 x 4 Bent - Beam with 90 Hole Ø 4.8","4","Red","C91A09","2","false","6563617","/rebrickable-assets/parts/6563617/part.jpg"
"42212-1","18654","Technic Pin Connector Round 1L [Beam]","4","Red","C91A09","1","true","6093950","/rebrickable-assets/parts/6093950/part.jpg"
"42212-1","18654","Technic Pin Connector Round 1L [Beam]","4","Red","C91A09","4","false","6093950","/rebrickable-assets/parts/6093950/part.jpg"
"42212-1","65304","Technic Pin Long with Friction Ridges Lengthwise and Stop Bush [2 Lateral Holes, Small Pin Hole]","4","Red","C91A09","5","false","6347789","/rebrickable-assets/parts/6347789/part.jpg"
"42212-1","66906","Technic Pin with Friction Ridges Lengthwise and Towball - Round Pin Hole","4","Red","C91A09","4","false","6360104","/rebrickable-assets/parts/6360104/part.jpg"
"42212-1","48267","Technic Tooth 1 x 3 with Axle Hole [Hollow Underside]","4","Red","C91A09","4","false","6285599","/rebrickable-assets/parts/6285599/part.jpg"
"42212-1","26603","Tile 2 x 3","4","Red","C91A09","2","false","6189130","/rebrickable-assets/parts/6189130/part.jpg"
"42212-1","24246","Tile Round 1 x 1 Half Circle","4","Red","C91A09","3","false","6258973","/rebrickable-assets/parts/6258973/part.jpg"
"42212-1","24246","Tile Round 1 x 1 Half Circle","4","Red","C91A09","1","true","6258973","/rebrickable-assets/parts/6258973/part.jpg"
"42212-1","24316","Technic Axle 3 with Stop","70","Reddish Brown","582A12","10","false","6135494","/rebrickable-assets/parts/6135494/part.jpg"
"42212-1","15462","Technic Axle 5 with Stop","70","Reddish Brown","582A12","4","false","6159763","/rebrickable-assets/parts/6159763/part.jpg"
"42212-1","3749","Technic Axle Pin without Friction Ridges Lengthwise","19","Tan","E4CD9E","4","false","65625","/rebrickable-assets/parts/65625/part.jpg"
"42212-1","6589","Technic Gear 12 Tooth Bevel","19","Tan","E4CD9E","5","false","4565452","/rebrickable-assets/parts/4565452/part.jpg"
"42212-1","32002","Technic Pin 3/4","19","Tan","E4CD9E","5","false","6013938","/rebrickable-assets/parts/6013938/part.jpg"
"42212-1","32002","Technic Pin 3/4","19","Tan","E4CD9E","1","true","6013938","/rebrickable-assets/parts/6013938/part.jpg"
"42212-1","5091","Tile 1 x 2 with Stud Notch Left","36","Trans-Red","C91A09","1","false","6510128","/rebrickable-assets/parts/6510128/part.jpg"
"42212-1","5092","Tile 1 x 2 with Stud Notch Right","36","Trans-Red","C91A09","1","false","6510142","/rebrickable-assets/parts/6510142/part.jpg"
"42212-1","59443","Technic Axle Connector Smooth [with x Hole + Orientation]","15","White","FFFFFF","5","false","6212049","/rebrickable-assets/parts/6212049/part.jpg"
"42212-1","65249","Technic Axle Pin 3L without Friction Ridges and 2L Axle","15","White","FFFFFF","2","false","6289797","/rebrickable-assets/parts/6289797/part.jpg"
"42212-1","32073","Technic Axle 5","14","Yellow","F2CD37","2","false","6130008","/rebrickable-assets/parts/6130008/part.jpg"
"42212-1","44294","Technic Axle 7","14","Yellow","F2CD37","2","false","6130009","/rebrickable-assets/parts/6130009/part.jpg"
"42212-1","60485","Technic Axle 9","14","Yellow","F2CD37","1","false","6130010","/rebrickable-assets/parts/6130010/part.jpg"
"42212-1","32034","Technic Axle and Pin Connector Angled #2 - 180°","14","Yellow","F2CD37","3","false","6344325","/rebrickable-assets/parts/6344325/part.jpg"
"42212-1","32184","Technic Axle and Pin Connector Perpendicular 3L with Centre Pin Hole","14","Yellow","F2CD37","2","false","6276974","/rebrickable-assets/parts/6276974/part.jpg"
"42212-1","32523","Technic Beam 1 x 3 Thick","14","Yellow","F2CD37","2","false","4153707","/rebrickable-assets/parts/4153707/part.jpg"
"42212-1","32123b","Technic Bush 1/2 Smooth with Axle Hole Semi-Reduced","14","Yellow","F2CD37","1","true","6271167","/rebrickable-assets/parts/6271167/part.jpg"
"42212-1","32123b","Technic Bush 1/2 Smooth with Axle Hole Semi-Reduced","14","Yellow","F2CD37","3","false","6271167","/rebrickable-assets/parts/6271167/part.jpg"
"42212-1","4369","Technic Piston","14","Yellow","F2CD37","12","false","6452846","/rebrickable-assets/parts/6452846/part.jpg"